{"files":{"node":null,"link":null,"Ltype":"csv","Ntype":"csv","aggr":"sum"},"layers":{"features":{},"base":{},"osm":{"voyager":{"url":"https://a.basemaps.cartocdn.com/rastertiles/voyager/{z}/{x}/{y}.png","attributions":["© <a href=\"https://www.openstreetmap.org/copyright\">OpenStreetMap</a> contributors.","© <a href=\"https://carto.com/attribution/\">CARTO</a>"]}},"import":{}},"style":{"link":{"color":{"palette":"Blues","cat":"number","var":"flow","max":0.821610396776512,"min":47180.15707353461},"opa":{"cat":null,"var":"fixed","max":null,"min":null,"vmax":0.85},"size":{"cat":"Sqrt","var":"flow","max":47180.15707353461,"min":0.821610396776512,"ratio":"97"},"geometry":{"oriented":"oriented","type":"StraightArrow","head":{"height":0.5,"width":0.5},"place":{"base":null,"height":null}}},"node":{"color":{"palette":"GnBu","cat":"number","var":"degree","max":164,"min":1853},"size":{"cat":"Sqrt","ratio":"80","var":"degree","max":1853,"min":164},"opa":{"cat":null,"var":"fixed","max":null,"min":null,"vmax":0.85},"text":"Choose...","ratioBounds":null},"ratioBounds":295.0187531295213},"filter":{"link":[{"variable":"flow","values":[107.28578449679033,9905.555716453859],"filter":"numeral"}],"node":[]},"ids":{"nodeID":"INSEE_DEP","linkID":["CODE_DEP","DEP_ETUD"],"vol":"flow","long":"Y","lat":"X"},"projection":{"name":"Mercator / EPSG:3857","proj4":"+proj=merc +a=6371000 +b=6371000 +lat_ts=0.0 +lon_0=0.0 +x_0=0.0 +y_0=0 +k=1.0 +units=m +no_defs","extent":null},"zoom":3,"center":[2.5733318695378973,46.348978436105234],"totalSum":687077.1599962581}