X,Y,CODE_EPCI
6.413527999430092,46.03556171333106,200000172
-2.0769664880214145,47.475796108920015,200000438
3.7099607311091183,48.5008101096293,200000545
4.728227946812331,44.26264828375893,200000628
2.0376501918187935,47.60407141630498,200000800
5.2036805993505855,47.22252705122394,200000925
2.3888910707393967,47.45981644489847,200000933
6.715689233607534,43.61933745418526,200004802
1.9425423232351373,47.72970066518164,200005932
6.650191799239442,48.36031093341165,200005957
4.777045364756288,47.00456981625491,200006682
3.51385839120506,48.491514575622794,200006716
3.7692480707607374,44.73238263055024,200006930
0.9073358164799398,48.254060636478734,200006971
1.789189360135617,46.473782684147714,200007052
2.789116086470978,46.96063703927309,200007177
5.491140041768345,47.09981413404952,200010650
0.6072072514953295,49.53928969487887,200010700
6.289813162793336,46.20047129824763,200011773
2.9701273723192414,46.97598843293925,200011781
5.526898967918309,46.37557040722868,200012060
7.767780225237178,48.972048034131284,200013050
9.429933118395017,42.19189843514625,200015162
4.565016681635173,44.99505029026762,200016905
3.372939200480454,43.7930029336104,200017341
2.1266688274580665,48.39047655119005,200017846
1.8157674131346058,50.67510831963902,200018083
5.982637647410413,45.30422419414823,200018166
1.7484835826266705,47.33727578453975,200018406
1.7905107499167228,46.601866975125844,200018521
-61.537729800823115,16.263831640894725,200018653
3.794191496910133,43.77692611418354,200022986
6.846180667104135,47.27893451149727,200023075
2.694515470338668,48.74738757219162,200023125
2.589262080230453,48.27356573329324,200023240
6.510000000051732,45.3818286915266,200023299
0.6882395560494466,44.37588226217757,200023307
6.899095229216168,45.93928971451096,200023372
1.0275405314117085,49.413080383659384,200023414
1.0669870135417865,43.59151929832199,200023620
1.4479612594256694,44.48485071870563,200023737
-1.853034350353651,46.70591951978409,200023778
-0.5664199574433334,45.13487443242362,200023794
2.72301248799858,48.18662892869217,200023919
5.849277423703093,46.36352564759089,200026573
-2.372391869619898,47.55692999929303,200027027
2.3152548523530205,46.838658628009725,200027076
6.2747788950185495,43.20406124112612,200027100
2.8515647872988334,42.75203919702466,200027183
1.1868321090652165,44.90199793906442,200027217
5.186113948768802,47.74482779256799,200027308
-53.07451848434172,4.843001250570861,200027548
-0.11218436385461737,45.42138901632139,200029734
5.404193047021888,46.067776996954095,200029999
7.154454854876378,44.021445399778514,200030195
1.2514152803327427,47.56942039964052,200030385
-0.2948214194181615,43.68577228816161,200030435
7.5737420699781035,48.21246604078957,200030526
3.466287124612147,50.09929169837922,200030633
5.651031900616755,44.84480255742777,200030658
0.2202830554671164,44.47084826886515,200030674
2.903892787347909,47.15478468942769,200032514
5.2272637720944175,48.7371750076855,200033025
2.7406175120012746,48.98546593751578,200033090
6.5775942973347785,46.02665925186533,200033116
2.0024321513177075,48.709654804809716,200033173
1.5168967694207238,48.42447443318156,200033181
1.9728754026835682,47.20141790795432,200033207
-0.39253048747441643,48.151529629750584,200033298
2.7805705866905033,50.282608673698185,200033579
9.304721082201148,42.0179752731208,200033827
6.777986774348555,47.894144339061086,200033868
1.772015898031886,43.687651778405765,200034023
2.4143252420544705,43.873534010905736,200034031
2.252260216323082,43.782255889976625,200034049
2.057358914993515,43.68750267690427,200034056
1.8791298644019934,44.090934235158734,200034064
6.711583287769208,46.08891808906149,200034098
1.9164751714198942,48.88611705618509,200034130
0.11738525813892621,44.90947770474624,200034197
9.47511218119064,42.351422045564725,200034205
7.428804306347267,48.38014832308109,200034270
4.393855450643916,44.05738221616209,200034379
3.958027141890362,43.94175144984477,200034411
3.581374777329949,44.09289039928161,200034601
7.592410879673802,48.6526493057957,200034635
4.5723067839388625,44.174525620434515,200034692
5.940714073996981,43.82713456183892,200034700
4.4813657092892205,48.685130167564516,200034718
0.8680494440206199,43.78760776644622,200034726
1.8552346393283206,46.181951366787736,200034825
0.8008386234858401,44.78928273064455,200034833
5.700110825006089,48.91488468456569,200034874
6.6823902924886305,45.87775787720854,200034882
1.407355383260831,43.80598899604153,200034957
4.880544155531331,43.844954991024835,200035087
0.33573893101537955,48.56241366129069,200035103
0.1283721676778159,48.61040469384211,200035111
4.252570479262119,44.2632307870514,200035129
1.2753254370428608,46.47918320357649,200035137
4.219432305886464,46.138215617727695,200035202
6.748452426827281,43.45920518928171,200035319
1.2476483823342424,44.63658677930967,200035327
2.8553383875228,50.123679516871846,200035442
0.6393600960450057,44.1691156683213,200035459
-0.1061119823339646,44.91450333113103,200035533
-0.17613289097675203,44.076102579300205,200035541
-0.026274086255643942,43.66881030890198,200035632
1.1515611530975423,49.24181493460546,200035665
1.9703589338236875,43.20696774794506,200035707
2.42858444059251,43.22813236382836,200035715
5.363391404730337,44.06737839446627,200035723
3.9739592143884406,46.08521817437283,200035731
0.385992083685843,43.43734244015546,200035756
1.7783731937920364,48.024420225553705,200035764
6.142887182826279,48.463801730638004,200035772
-0.48151708816418454,48.72033394773022,200035814
1.1992872379920652,46.96077229543207,200035848
1.915273418213693,43.32747356342136,200035855
2.6666859167836865,43.07439167029521,200035863
1.9509905749433507,49.11442359275288,200035970
0.5248320631267076,48.511777351420704,200036069
6.546950505521254,43.28096818738005,200036077
2.552647053776283,46.74450453462719,200036135
5.866688673403439,47.8032460100556,200036150
7.120305481269448,47.80574791899458,200036465
-0.5888293833542796,45.73780457960621,200036473
9.405950711351243,42.55252175042808,200036499
0.7075200967002846,44.57456500874118,200036523
5.575932057690937,47.424271533157885,200036549
0.8454037746965152,44.228898486383656,200036572
2.9812575023355885,49.965417844605284,200037059
3.313079043145454,48.61953542233247,200037133
8.985786218446266,41.86674257938839,200038958
-2.1066505653819863,48.18708341773037,200038990
-1.2257300741279982,48.08141928201848,200039022
4.767890563228439,47.307183974573384,200039055
4.850970403967918,47.46182996049761,200039063
-0.6658781334651636,43.425455401561656,200039204
1.2838353015496515,44.3282343715052,200039519
4.1013845642190985,47.830756435040655,200039642
4.025391344530306,47.62509655340976,200039709
3.8502305475340894,47.476441368851184,200039758
4.3900737987684,44.42237970600692,200039808
4.210390550697808,44.68144329524027,200039824
4.117950919039265,44.4150228619194,200039832
6.82182256463903,43.751026577841365,200039857
6.148969916680505,49.100936962165754,200039865
6.282038086976835,48.98394712541666,200039907
6.9666371404015095,43.55547692619003,200039915
6.921923539163784,44.039430081797974,200039931
6.193634887959104,49.22089012186238,200039949
5.058101214926446,46.87979424475083,200040038
0.4767458246410197,45.11879280595441,200040095
5.794963830457041,45.4060168827654,200040111
4.509999387823785,48.44185343632249,200040137
7.93100510803025,48.915497783128316,200040178
5.9189379043704955,43.6079226562524,200040202
6.294876475792878,43.69719342724599,200040210
-0.5509481465033056,46.85698530484942,200040244
3.203693024369259,48.448271320877666,200040251
1.2988028203782052,48.70360724035687,200040277
4.591143276974126,46.49273241531598,200040293
5.676166269308845,45.85097103532422,200040350
0.16391082804216123,45.048280435760496,200040384
0.7614672628413898,45.1322668091841,200040392
0.38070232326569553,45.28777192814296,200040400
1.0718828234990565,44.2747155657431,200040418
3.439361658513112,49.77799804444498,200040426
5.182154929367902,43.824037148380704,200040442
4.827851941565131,44.579087789241605,200040459
-0.15016885117593654,47.96989339012831,200040475
4.9198776120755,45.236665892535406,200040491
5.177998779949735,44.69404933171409,200040509
1.449193936954309,47.10233217769927,200040558
4.420949485151798,46.00125225156977,200040566
4.62919961497296,45.922954126825594,200040574
4.637549235450489,46.017961628234964,200040590
5.3906530916588355,43.89745584322218,200040624
5.904393724674909,44.91345329754631,200040657
4.933284069286092,44.40914494780412,200040681
5.718269818286369,45.14185701556778,200040715
9.177830272981751,41.530376394610535,200040764
1.1539190683518645,47.95034285585648,200040772
6.682774415273796,45.40102043261451,200040798
1.430627907870638,45.622301193990424,200040814
1.335665048277195,44.945350926588205,200040830
0.5383599666826124,44.72233130288872,200040889
2.158760171672819,44.075614227919935,200040905
2.562135394451152,50.750734687805185,200040947
2.398404926808908,50.908168373142075,200040954
6.126956773885789,45.500822392203304,200041010
1.0275577149778448,44.80875096423845,200041051
1.1530262360998287,45.171066624421066,200041150
1.0361235913920905,45.00088084388585,200041168
8.097500678499724,48.926945705114605,200041283
-0.5019715628670481,46.27244117101567,200041317
7.970329840499578,48.77591414995427,200041325
-0.20743452125083495,46.634405704481125,200041333
4.779999532071748,44.930083675538526,200041366
-0.1525113533799585,46.80789746569886,200041416
1.147168800282636,44.720806180329326,200041440
4.395946208104108,44.94366222980887,200041465
-0.9095038857667217,46.26187100730766,200041499
-61.340932002996354,16.260352732571196,200041507
6.0535039440341105,48.88500919454655,200041515
-0.39913359600513365,45.374626611496545,200041523
1.9348883970971231,46.36060972694055,200041556
0.5990131257763573,45.400866367921864,200041572
-0.796185621636645,46.09523129864601,200041614
4.354214332333904,49.83859748121042,200041622
4.846950516908281,49.74136037743655,200041630
-0.43797452409840837,45.946383002469965,200041689
6.223423269584649,47.904805909902414,200041721
-0.9436965505928371,45.92989150888887,200041762
-61.08034301816819,14.758914418898366,200041788
6.2086683162257374,47.50312362903276,200041853
6.330174135637093,47.68442892949225,200041861
6.090024962047401,47.762028104812806,200041879
5.773583292823606,47.295738680996784,200041887
3.170894340254546,50.504010730754075,200041960
-0.19300932862866704,46.402727614064304,200041994
6.671117884333822,48.199635899266376,200042000
-3.2942567082432688,47.84935605655912,200042174
-0.24166781257527178,48.40639150812014,200042182
3.401949189870374,50.37750656443993,200042190
0.8025445011446607,43.578526788856784,200042372
5.265256997716473,46.746166942017055,200042414
2.295930858240562,43.37596617036379,200042463
4.843781954151368,45.97502028781897,200042497
-1.4781916117001044,48.84264044914127,200042604
4.557348200084517,49.138769317862426,200042620
3.139102532508608,43.682457335581525,200042646
2.986453147697024,43.38863390986451,200042653
4.836215836787299,49.07911655799959,200042703
-1.27920643679305,49.34054956706231,200042729
4.783317929152541,44.353852644381845,200042901
5.598717798225881,46.12733250435776,200042935
9.404361654229241,42.87153214207891,200042943
4.690512131362265,48.62823927217623,200042992
0.17506437892368157,46.01457801074022,200043016
0.9982358790421447,47.441085539431285,200043065
0.21110560028039296,47.17886887374095,200043081
-3.0417999740814796,47.693831614376734,200043123
4.267859806276337,49.48548106853859,200043156
1.4492441884221914,45.20174458734461,200043172
3.9534386509343955,50.12262770841983,200043263
3.705798863503563,50.23066092176822,200043321
-1.1942871542627782,48.85482400752232,200043354
3.9761660152919727,50.253529739555724,200043396
4.105512811999757,50.050424536970574,200043404
4.492728399780349,48.895575891179,200043438
3.6263764219563543,49.555122341736414,200043495
2.9992727068735965,42.52359837650695,200043602
0.365553699689937,46.44916958221221,200043628
5.619448981383791,49.4572945787004,200043693
2.1211309882975042,42.84503870254344,200043776
-0.4105476365536455,44.44749301922397,200043974
-0.17712594208495566,44.350656482787485,200043982
-1.8888038406000855,47.9105358621917,200043990
2.1013930622234627,45.869475859931306,200044014
1.9873407421094973,50.388371068699485,200044030
3.0127198019486676,50.25584843449474,200044048
5.129431169176376,48.39739186563978,200044253
-0.051968096433288806,44.56398407270708,200044394
1.8586683115759708,43.056464233120636,200044469
3.118083355832386,50.35720194526415,200044618
-61.44338204561554,16.37823792483681,200044691
4.85393217722029,45.76332526627057,200046977
-0.9981386112502058,47.88145322607312,200048551
5.347077709900084,49.19956627296227,200049187
2.3581822385903513,42.57673920107229,200049211
2.330269197429433,46.61312523757689,200049484
2.3981034204239915,48.843958344172556,200054781
5.34455626849997,43.49343422723565,200054807
1.402908356358102,47.776522242971375,200055481
2.554512770677788,49.022762992229566,200055655
-0.5633161973198036,48.32598370975761,200055887
2.2245663269034384,48.696480767239365,200056232
2.3216110803475094,49.013384058044956,200056380
2.272872144839363,48.60139275689008,200057859
2.6262717850475856,48.83790184995423,200057958
1.2246197829655545,48.38035944122999,200058360
2.467910159871002,48.69385690312605,200058477
2.205233989249454,49.004549932677634,200058485
2.114103551412076,48.91657793370042,200058519
1.9963206116577972,48.780704232125466,200058782
2.5178763666643933,48.6126116301407,200059228
5.22952175558609,45.38085795610675,200059392
0.8868371924563385,45.85771495519899,200059400
1.8232432263002272,48.978124109870556,200059889
-0.9554342169614358,47.23046261856004,200060010
-0.10097742195659716,49.2319255108816,200065563
-0.177033820580232,49.116422765883165,200065589
-0.3803507776611457,49.19723363895657,200065597
6.78102329623202,47.44883751162845,200065647
0.5758266020850131,49.3464906660072,200065787
4.01532052633189,45.61767546213917,200065886
4.263087910499058,45.74824744345701,200065894
-3.4057767427639374,48.69115374990465,200065928
7.362292601874628,47.771604050247184,200066009
0.4751213657872247,49.2069836146306,200066017
7.510943009406529,47.968906406516425,200066025
7.123183366649109,47.61965562798431,200066033
7.294808940398168,47.5512272927583,200066041
7.462427035637959,47.60791758534702,200066058
5.333280472704659,48.573064786298495,200066108
5.115027548891784,49.19747352978624,200066116
1.8295938734520367,43.8913991664416,200066124
5.187794857695604,49.42896493082474,200066132
5.228158087542193,48.92556475026237,200066140
5.58333821013777,48.6716232510559,200066157
5.350884423106244,49.06010220868072,200066165
5.529119126781217,49.34135104077319,200066173
1.3650493950187694,43.151374535568586,200066223
1.608382297927904,43.16922013426624,200066231
2.224916516218835,48.17402314684296,200066280
1.0958352049928353,44.06750000989689,200066322
2.510167345043106,47.21574021192341,200066330
2.7912508511795946,43.44089913211558,200066348
3.653725844181467,43.44865595118734,200066355
1.7305148999760793,42.70767576857063,200066363
1.7036943835536584,44.875360129962885,200066371
-1.085210974327722,49.08968961952702,200066389
0.7798025168121279,49.34167099614398,200066405
0.6572606615061947,49.05972362567524,200066413
0.8821089602801134,48.83062088745017,200066462
1.3579921044252659,46.02042507692829,200066512
0.879519463160339,45.72752433264325,200066520
2.7414183834408337,43.6466382363207,200066553
2.4528621152371755,43.68140534087377,200066561
4.463217483875883,45.688551201086284,200066587
1.3999742521293939,45.434915504846316,200066603
2.974707072765428,45.19807485629608,200066637
1.8444820488492515,45.57628918210168,200066645
1.2468983828790188,43.88192904392385,200066652
3.027782503270946,44.95809182897812,200066660
2.2937117273846273,44.827249210229425,200066678
-0.40221733973727025,48.992796527121605,200066710
-0.451297953047844,49.09851016489966,200066728
2.252296642710595,45.566357961509915,200066744
2.002941654015752,45.102462067548416,200066751
1.739487555952857,45.053719477595656,200066769
-2.4387034662797844,48.00261808189208,200066777
-2.277095749755479,47.836178064862665,200066785
6.152453288116037,45.888241265453246,200066793
-0.9225430991982864,49.26772751448004,200066801
1.2346928795244054,43.25619690212947,200066819
0.3136541351362934,49.383148641103794,200066827
3.6870652513765214,48.6746654451997,200066835
3.7630432998824457,48.9985628328189,200066850
-4.343836379949607,48.26184010718569,200066868
4.2843167842625265,48.93737396439831,200066876
1.5505743720382976,44.03398187294307,200066884
4.605697374215404,48.296609509841296,200066892
4.070744900657414,44.14693314559139,200066918
0.5747224383290631,43.69352143848795,200066926
2.6372741686521812,49.206516569579705,200066975
-1.4010497643321485,49.017067129924214,200067023
-1.4868611026323424,49.24143418257441,200067031
8.791359125776875,42.19003929831519,200067049
2.2707580345180696,44.58142890105588,200067064
-4.1013656922256665,48.64221658372387,200067072
3.7638929158484853,47.74701128481295,200067080
-1.1911006534156219,43.25800856588183,200067106
3.5720430272558623,47.786006618842535,200067114
1.2801133280368986,44.14046458582248,200067122
3.2097363284825615,47.66980678176512,200067130
2.827045736060149,43.947904171923206,200067155
2.825359841279243,43.813633190702234,200067163
2.7782613412700554,44.72563751019501,200067171
1.8433525171836622,45.9616414884189,200067189
-3.8206030334861474,48.36768160047232,200067197
-1.5801453354797896,49.53155002993951,200067205
4.052626857807244,49.25187319792635,200067213
-2.8612526458725496,47.90760083975742,200067221
-0.3557016970311228,43.49572299739646,200067239
-4.082483173396398,48.20143616371721,200067247
-0.40170885159283704,43.29275363706062,200067254
-0.6242771915513272,43.05713922827354,200067262
-0.8721471632642754,43.395861099643895,200067288
-0.1630668769861529,43.37027636600593,200067296
3.69002949449342,48.00726871677201,200067304
6.185959042751415,44.49979029333662,200067320
-1.9509504909421946,47.13689509143039,200067346
1.9391014583953134,44.639288913525476,200067361
4.757983257922027,48.81694819170719,200067379
3.4275740009251643,47.42996269235719,200067429
6.231309708556898,44.11361095929317,200067437
5.834083377580666,44.59155641364958,200067445
6.790713710335422,44.70679850200936,200067452
-2.6765786666243923,48.22158873725062,200067460
2.6782061977544265,44.537952792782505,200067478
6.464271641535585,49.36123897396497,200067486
6.713858205800351,49.02997574039054,200067502
1.6081355585417092,46.232083764292305,200067510
2.248530434175325,46.24823473608917,200067544
6.389422124100752,46.31183813912834,200067551
2.362574916998906,45.99354222484482,200067593
3.370977542197934,45.71512029047614,200067627
-1.3566104845331228,47.06967627276892,200067635
6.400624758608323,48.485386560618444,200067643
6.524812283390841,49.20095271575427,200067650
2.9680331222388094,48.00085367331417,200067668
2.6621831812199437,47.88755471112542,200067676
4.014402224912941,48.92429515085033,200067684
3.6479138167480607,47.27597366744983,200067692
3.4411070203347536,46.82463461967493,200067700
6.462947806440641,44.555464123676735,200067742
4.636371008225089,49.87521423562943,200067759
5.347886291145185,44.952691926091845,200067767
7.403351088460872,48.86926185353046,200067783
1.6012628377878153,42.98631022769752,200067791
4.603616376305467,46.182092306187116,200067817
6.014244104823173,44.492848312948205,200067825
7.1317160776330235,48.92159186205266,200067841
-1.3031758866704823,47.20962385768704,200067866
7.76807153060247,48.81107775551015,200067874
3.7854510511092454,46.9115834136389,200067882
3.9680416450902056,47.18393800769916,200067890
3.4525695422764526,47.04314503297543,200067908
3.0718312024944856,47.37085673724614,200067916
7.640938040292965,48.37887048770408,200067924
-2.7341532065438447,47.67496440379366,200067932
1.179681437584579,42.91791160617389,200067940
6.358726067134665,49.135460239524456,200067957
2.8210322330687867,49.368762617166254,200067965
2.258868670639793,49.27184866547747,200067973
-3.2608531329342374,48.529197146999664,200067981
2.1289190062629677,49.451809059159125,200067999
2.263802427829742,49.606873481496706,200068005
2.4352538875807817,49.25402747983814,200068047
6.037813119542403,47.07175631972168,200068070
3.224474075230564,47.18495997909538,200068088
6.183524945132734,44.731445571628015,200068096
5.972232313501434,43.41790287661408,200068104
7.385155774914211,48.7256967616732,200068112
-4.085161647515977,48.04605682920624,200068120
7.007350527093723,48.70856342174957,200068146
5.335037359113186,44.32054057407968,200068229
2.7734237011012386,47.62221254042379,200068278
6.486600212346003,47.4444667135733,200068294
6.178318176725217,48.26782881515237,200068369
6.559154519494305,47.99184532512706,200068377
0.776500234421687,48.40855878464807,200068435
-0.6302822515756968,48.52228884789171,200068443
-0.014218738645242323,48.75342596344534,200068450
0.5530333045437571,48.760496374097386,200068468
2.978655129720689,44.41228116411379,200068484
3.218870089980057,50.14243278401869,200068500
1.0467949674438164,49.75724675286623,200068534
5.367200066178445,45.71382554282011,200068542
5.7120542367484655,48.366788226683425,200068559
5.504415041200594,45.53962249771971,200068567
6.548604668006667,43.99460980013486,200068625
1.2602908009694405,43.47938622594516,200068641
5.141239579105778,48.147092165727486,200068658
4.911810552437691,48.55240431598343,200068666
5.8935285928524355,45.74943722798774,200068674
5.896791921363165,48.2141214603066,200068682
6.391533175144111,48.170085585713046,200068757
5.845472815627429,44.32987344116359,200068765
5.945445723478965,48.073411417809254,200068773
5.04699114502806,44.9874398470925,200068781
-0.830546619565533,48.879931678510516,200068799
1.4523793367762647,43.33943115588767,200068807
1.080271930695202,43.32506990589675,200068815
2.3873145265395985,44.23696365324223,200068831
0.751237081025124,48.575881004659585,200068856
7.415027140087349,48.6186203647924,200068864
1.5758222078089676,46.58395653062502,200068872
1.8917241162726157,46.947395228562584,200068880
0.4290672018220009,45.68337674122641,200068914
0.42794670630396775,44.30004962831745,200068922
0.9312986174382475,44.46143915593001,200068930
0.3130448966406279,44.11422772249819,200068948
-0.33858958998703353,47.62793378669541,200068955
0.20211565289820996,48.13115723308072,200068963
-2.1503126458603323,48.43582718224296,200068989
6.4773896027249664,45.70383272553421,200068997
4.408937948007306,48.08251609624499,200069003
1.6898635075436288,50.47289455441708,200069029
2.2210060933978406,50.67858205234488,200069037
6.901739126021773,47.62864198881477,200069052
6.879161354557606,47.73841054285117,200069060
-2.9954108705106393,48.5717683436622,200069086
0.44015528946624344,45.004296484867936,200069094
3.558948401892062,44.68389865980862,200069102
6.037279123899488,45.62278696348174,200069110
3.7848246974495168,44.49380646445626,200069128
3.7946328674659098,44.266302530933906,200069136
3.1582223485726413,44.72572003607756,200069144
3.501040970620929,44.28593293371266,200069151
2.7335375857941813,45.627628140462996,200069169
3.1384413583594086,45.658176202827796,200069177
3.345672510409213,44.82627015846959,200069185
5.03510498862895,46.046396758339235,200069193
2.7600011183514876,47.381722686001176,200069227
1.991958089357808,50.538157364445915,200069235
4.0582220136831415,48.27532501522678,200069250
3.2289280289170303,44.4139921110234,200069268
-0.003762785542598386,43.154582478365604,200069300
1.9977493251674825,44.35132493296032,200069383
-2.472343555371586,48.43147704945052,200069391
-2.83206324048026,48.45246839894394,200069409
-1.0340866263713722,43.58384285304987,200069417
-1.1532405886997736,48.63592120150384,200069425
6.853636164862509,48.55941697599296,200069433
7.397996657194201,49.049687033225474,200069441
0.2937475883277357,48.815236801532706,200069458
2.5283257424193213,50.26193854721559,200069482
-0.5704625988026897,49.240924167889254,200069516
-0.6906481860289881,49.05723074650894,200069524
0.17193843282787508,49.06572328677907,200069532
5.139877545255873,47.37185767034083,200069540
6.259962426813317,46.735535120686656,200069565
-0.38398649204759067,44.606625437798485,200069581
-0.09109252188956148,44.69761102016649,200069599
5.531116954670768,46.775232031661,200069615
5.980008554305226,46.75243262951547,200069623
-0.8113777572782273,43.71642592612666,200069631
-0.5176765045952209,43.671818980104376,200069649
-0.6963057216094429,44.213069480613655,200069656
5.437014557284338,48.21856276119481,200069664
2.2713238931720268,50.36252312108172,200069672
4.857895691767674,46.50512064278069,200069698
1.6372639535203775,49.85141907223147,200069722
1.5864737148638048,49.54300200624468,200069730
-0.4195185781177387,46.516640579295,200069748
-0.10165155514677449,46.18719287128926,200069755
0.15093330537880037,46.676412108845476,200069763
0.4413145288162631,49.73813016720319,200069821
0.7126172704955738,49.79980487971814,200069839
0.850519353659386,49.68942933700622,200069847
0.357576585711938,46.553380826803,200069854
0.9909751299867823,48.59924606843018,200069912
1.6680867660871146,48.54442930892806,200069953
1.2319875595634682,48.09712534522651,200069961
-0.8658947904049942,45.237669841243736,200069995
0.3338145230449897,46.23478510384184,200070035
0.7904385891938097,46.38247791206555,200070043
1.3806127496039227,49.71091343742058,200070068
-0.17141436710839766,44.999902712303005,200070092
2.3689530133234804,47.732531489943916,200070100
4.824343262979976,46.12894243124966,200070118
3.9590380482636864,48.51321167441025,200070126
1.4065919447987618,49.38042671707946,200070142
1.7538036536549189,48.220157595490015,200070159
1.0401150419862177,48.38846602579134,200070167
1.6112688523064904,47.8698530481859,200070183
-1.3346173669378534,46.97028102577357,200070233
0.15882134061602904,45.38713287910859,200070282
5.8427056222434635,49.352278921307466,200070290
4.766868328950532,46.33120008416404,200070308
3.944474392367282,46.6487888549408,200070316
6.630460121486054,48.51942791946241,200070324
5.629120111541802,47.85142697619987,200070332
6.87714197183118,45.27391009191261,200070340
2.781699054306832,42.90286932472869,200070365
0.4946067524343423,47.76611494286801,200070373
3.210716970182307,45.47958472392641,200070407
5.369191036593025,45.16906884776256,200070431
1.2161901521375258,49.54220754385419,200070449
6.318743003007287,45.22936194351068,200070464
1.1201595957796469,45.66019335364953,200070506
-0.21268896510627325,45.65809176794162,200070514
4.273509771191299,46.942432788936706,200070530
4.300816367403253,46.27244841496427,200070548
4.953635334258444,46.23849428038346,200070555
5.889066929343948,48.72149658486891,200070563
2.087797938584597,47.11865412529803,200070571
6.2900291133273045,48.79260762376283,200070589
0.41780135144285696,44.851995155088694,200070647
-1.6536904523285325,47.82831369610851,200070662
-1.6635472950750851,48.540423764309374,200070670
-1.441295036717115,48.41134371922809,200070688
3.5896621836799385,45.85307522875269,200070712
-1.066122531367498,45.21342256731988,200070720
5.915614730802294,48.98032162915858,200070738
7.020406467956562,49.05592482366086,200070746
3.100320191484471,45.880364853594195,200070753
3.700732440845937,45.530773442707726,200070761
2.7944199744555394,48.57111858631004,200070779
0.3555847647255415,43.10793464317302,200070787
0.4274310611100333,43.28752405437904,200070795
0.2228796576912129,43.22789964631576,200070803
-0.07237804195321837,42.871614796375354,200070811
0.518501537006755,42.98542482924154,200070829
5.878678511635585,49.20641985919974,200070845
5.876695785419855,46.00066228905633,200070852
4.954097365450489,47.16062724209607,200070894
5.383801886675859,47.25679136096124,200070902
5.091242146783608,47.61204288905863,200070910
2.7492763790341055,49.83113213556379,200070928
1.8375006672848055,50.221988502896856,200070936
1.6535917340847974,50.06986760217668,200070944
2.295472966860802,50.10771432022613,200070951
2.4469811598691305,49.75072008799699,200070969
2.6932459369043222,49.682157396296965,200070977
2.9865415016323262,49.78252717083965,200070985
1.7634771606598503,50.0887053810383,200070993
4.384598109769151,47.422064542266405,200071017
5.641182633442445,43.993880182379506,200071025
5.821245346381516,44.14912505205879,200071033
4.031032933471013,48.03757660079023,200071041
3.1953356833556885,43.504960318347095,200071058
6.962977549574159,48.29034146151772,200071066
1.5491484812822702,49.014495940853834,200071074
2.586375035837978,46.26693141433285,200071082
5.5626413446795535,46.661110800473104,200071116
3.3283894110800416,46.60652849054265,200071140
6.824135353500514,48.038665388354026,200071157
-1.7484608167798228,46.54740291330185,200071165
4.395487346535281,47.14521326924376,200071173
1.9511873574935523,49.83487205637972,200071181
3.3007083787866986,46.00266859937747,200071199
4.5925445106106135,47.195122588608136,200071207
2.6312079689353447,45.79742836341358,200071215
2.1327984786474885,49.99975589286657,200071223
1.6967713124350925,43.44369180147292,200071298
1.1604609939380024,43.73682880949015,200071314
3.566894745206717,46.09612271828237,200071363
4.948069224609422,46.38867188467084,200071371
3.1844076965996435,46.231294009199416,200071389
4.662120349737787,44.60073611956038,200071405
4.61154873671864,44.80148869930773,200071413
1.2188523049677225,48.94285695407688,200071454
3.67825987944313,46.396983026084044,200071470
3.0468745060379963,46.50732560035242,200071496
0.6101207070137157,48.31208437342901,200071504
2.8317178583952756,46.348861962865776,200071512
-0.6712149837068537,48.6725953995308,200071520
5.0482784848381,46.616292195111974,200071538
-1.741777578836333,46.977065083853596,200071546
-0.5743762616454605,47.34023019103013,200071553
5.245056853035083,46.6056706187476,200071579
0.9538381338929561,47.0485365090774,200071587
5.762964919202989,46.884789014563204,200071595
-1.9022927046757239,46.89476130489334,200071629
4.532378295750698,46.33949411792838,200071645
-0.20781588605723325,48.574278508279285,200071652
-0.6886046397065353,47.08953677543861,200071678
5.234259856816885,46.277146735488934,200071751
3.3358006424154825,49.519456097687225,200071769
4.211715619102902,48.5724622767636,200071777
3.297341398290025,49.634993389650006,200071785
0.6840930024064286,45.56265023334797,200071819
0.17398656317973382,45.639405173042256,200071827
1.6369908428714108,49.31237428852108,200071843
2.4029258538359266,48.144303587221295,200071850
-0.7334806516850209,47.604768022969445,200071868
-0.12732792623510314,47.27399392611867,200071876
4.189987112965618,46.47186265498174,200071884
3.265814582195122,49.809109333122606,200071892
-1.4854814496814972,46.473436731984265,200071900
-1.2380731311624595,46.836750438304364,200071918
2.2552513262644682,43.01921597437873,200071926
-0.8436379462784754,46.4899905405442,200071934
1.0921677858605197,46.200720031826215,200071942
6.704263442603912,46.324566866195596,200071967
3.617111187041391,49.93824240714698,200071983
3.1517678099101083,49.30297609726558,200071991
4.0656518850720555,44.75313445602511,200072007
4.654954562970398,45.24661058157083,200072015
0.14021523167182368,45.87826341281156,200072023
3.4598473523099433,49.0941136120387,200072031
0.6159668595702786,45.93681635708001,200072049
5.414884445637258,46.501156131863574,200072056
1.3670978459093588,47.34566094237054,200072064
0.9465610406435376,47.77324447861233,200072072
2.76284574252655,46.08788336301058,200072080
2.977421700532154,46.001751521046,200072098
0.04191614797496684,43.420117096353636,200072106
2.87745388528566,48.97709532689001,200072130
6.668952116896509,44.42819081522535,200072304
1.4517557825502359,49.136397338659926,200072312
0.5758312382750809,43.470910595629775,200072320
2.624285079286977,48.40154353174121,200072346
-1.2076806421150144,48.37792343702474,200072452
2.570099584010298,50.529642220308325,200072460
1.887991544937612,50.83410746619432,200072478
3.2886431248624803,48.82724736648344,200072544
0.6301036359597549,42.8690003731831,200072635
0.7410148814757186,43.22912783899949,200072643
0.5971656899978383,47.252540399036214,200072650
0.4590730710719384,47.076361972061136,200072668
0.35165264148517555,48.27779889760308,200072676
0.46225266141835386,48.016966092081624,200072684
0.7050547536273429,47.9539411135722,200072692
0.04622620068707851,48.28923095112327,200072700
-0.0719064011153978,48.13623372482395,200072718
-1.434905566998166,47.678919299284296,200072726
-1.9001458886047626,47.34165935322708,200072734
5.338503899523061,47.467241252068106,200072825
2.9156246055236745,48.712731708899646,200072874
-1.5623491904384614,46.796685885826264,200072882
0.303062469600463,47.41374696031233,200072981
5.394982931795541,47.93665079724729,200072999
2.3900726493312234,49.10032969497538,200073013
4.80531504973027,45.084756865995,200073096
9.043254466927317,42.57242072667069,200073104
0.19850697017854496,47.70026907528434,200073112
9.266328104378932,42.648634024607475,200073120
9.122528558144968,42.388531145397565,200073138
0.876688314982264,43.05344967085312,200073146
0.8266145709039446,47.426393360538974,200073161
0.573712867647066,47.569321589763945,200073237
4.374579074937052,44.67868299615446,200073245
9.415908902711264,42.449297106431175,200073252
-1.1402980332889177,46.45905722689892,200073260
1.835911288140624,48.62185732590386,200073344
3.49363262088891,45.074556059034926,200073393
4.083836894511139,44.96068214875999,200073401
3.810791612167732,45.145887772738064,200073419
4.109980086696613,45.29227792916782,200073427
4.869154095729297,45.51853302301731,200077014
3.0917217666540044,48.85230712483534,200077055
-0.8209689526624686,48.076199237526644,200083392
0.2521636969705523,49.55504986671251,200084952
3.323007444448789,45.29197088734058,200085728
4.929286973116956,45.38449715165677,200085751
5.064933808587608,45.86749850247891,240100610
5.988813022455298,46.26676036235486,240100750
4.9637516529536345,45.84426320107948,240100800
5.344601910489729,45.88900789983387,240100883
5.785180426571929,46.12434267793374,240100891
3.832275773865757,49.89152799989989,240200444
3.7078884884641576,49.69888315351529,240200469
3.3316966936305508,49.37956741430784,240200477
3.2825928669974065,49.93168918508976,240200493
3.5419921716018234,49.37425610970197,240200501
3.380054306472519,49.26201111675916,240200519
3.9092514794933884,49.519047404691214,240200576
3.3285128487802185,48.974025159049404,240200584
3.730191141928612,49.44627817556875,240200592
4.115483384603194,49.883103543210716,240200600
4.074096164969656,49.708081766614946,240200634
3.6484741061343366,46.22502462883488,240300491
2.762664925023937,46.626775466888326,240300558
2.626187404859163,46.477691442552974,240300566
2.4195905937942745,46.424987134052714,240300657
5.795924654515862,44.023165383459656,240400440
6.546272864879733,44.97611822011029,240500439
6.480729502145459,44.81265898761031,240500462
7.526880091591761,43.99470107825307,240600551
7.016895617106703,43.73391456851304,240600585
7.352832950477434,43.8397917227714,240600593
4.158287562891444,44.52344487149094,240700302
4.271131611540867,44.54989759481801,240700617
4.5921401910081965,45.14781489630046,240700716
4.519598452468124,44.591727954406494,240700815
4.595926517160164,44.40456028466929,240700864
4.747719718161672,50.02817450363552,240800821
5.088758828247373,49.60877554903883,240800847
4.511656189828664,49.61604984592058,240800862
4.789998220638249,49.382047557348336,240800920
1.5710163659925294,42.84581934168399,240900431
1.8289304390164616,42.903495194698834,240900464
4.292085014737063,48.37079075541327,241000223
4.7163757380602185,48.19376969494351,241000405
3.757807409500305,48.20586286009349,241000447
3.6915970932201136,48.37982439074662,241000488
2.9899764755211353,43.137355434076014,241100593
2.5524841129218854,44.36237818632356,241200187
2.5416773905444043,44.069575838747305,241200542
3.1450538047424104,44.12679572422638,241200567
2.317374507742837,44.43497062968024,241200625
2.4580023353783744,44.51967481769043,241200641
2.675738132330357,44.27136404299151,241200658
2.1868967414638707,44.459685081120234,241200674
2.8146797905843735,44.20723915067237,241200765
2.185754916477055,44.282826747767636,241200807
3.200884341324467,43.95145684813729,241200906
2.84653100220491,44.091191840306394,241200914
4.838233861090393,43.745591108678106,241300375
4.641805682543362,43.56373975790422,241300417
0.11701675787343341,49.339505728425,241400415
-0.18900802299178301,48.922056876471494,241400514
-0.6933739453378683,49.27568818747979,241400555
-0.40610179168351385,49.29674082682287,241400860
0.1800730423719623,49.253181258765984,241400878
2.4690121221140298,44.95078532493299,241500230
2.6834823872882896,45.276826620490766,241500255
2.363807083498113,45.24142759280971,241500271
2.5184011668028323,45.37192493650642,241501055
2.6506331385682653,44.96812332171177,241501089
2.422811002031862,45.12196262395942,241501139
-0.04439738866273248,45.792836654960674,241600303
-1.0627923345191848,46.14829760967657,241700434
-1.4104857892252847,46.19745923059565,241700459
-0.8078842675979383,45.81677512734552,241700517
-1.2924358937816975,45.93543244697496,241700624
-0.7074059025418775,45.61560822063733,241700632
-0.9670159619086368,45.64096276822774,241700640
-1.0386073442343826,45.789560071353264,241700699
2.2067985814389357,47.30896879628365,241800325
2.6561215901275133,47.0616687373704,241800374
2.594680229390729,46.881906166156035,241800424
2.8958965102137384,46.82981265252029,241800432
2.205704264883934,46.96627421631666,241800457
2.3748457646409005,47.05426837276708,241800507
2.034434493118367,45.363741679462855,241900133
1.785837927688397,45.31224355158295,241927201
1.5641702939813136,45.45412387194181,241927243
9.423781129175255,42.69896898577582,242000354
9.208389003303365,41.739042800023725,242000495
9.002419825400535,42.01561711297513,242000503
8.775258059941073,41.97526695176847,242010056
8.938273298597272,41.65115841887538,242010130
9.124427341920946,42.22551802411312,242020071
8.79077361495609,42.45466131376367,242020105
5.077280293323908,47.51958788350884,242100154
5.040979484497585,47.30656205246507,242100410
4.653797422743975,47.79859168734084,242101434
4.209516222316993,47.325332199878446,242101442
4.561092445614756,47.51192338148963,242101459
4.357561917517583,47.65177379317359,242101491
5.19784074097867,47.06266389299129,242101509
-3.2706753126863237,48.27114868902832,242200715
0.9370099717933372,45.468116762172286,242400752
0.11412285288922412,45.17134113947852,242400935
1.0926818455307983,45.353657283960835,242401024
6.408568425541856,47.01064512915591,242500320
6.350062389560602,46.90393555627776,242500338
6.008531015384724,47.24252228168158,242500361
6.60787959829074,47.0491860623085,242504116
6.410068281106052,47.16916587779759,242504181
6.706251592457419,47.160466458006844,242504355
6.58557685835205,47.29757332644646,242504371
6.30346600924386,47.340575491962674,242504447
6.149808595276922,46.95147976501888,242504488
6.169918051347625,46.86072671137126,242504496
5.0222665650354426,44.737614468321446,242600252
5.09012158654966,44.533003280254526,242600492
5.4520162450216105,44.65379074954584,242600534
0.9286590811253514,48.975308093006156,242700276
0.9656096783541308,49.149967906893714,242700607
1.3024893858773052,49.154855348308686,242700623
1.4075396402969254,48.20195181347714,242852465
-4.678611002990505,48.44983933532484,242900074
-4.4707511117413565,48.39975416786628,242900314
-4.490906943514346,48.53706998290445,242900553
-3.794276549711511,48.184708835703525,242900561
-4.531087941349965,48.0429142087412,242900629
-4.332061251533242,48.068030890676866,242900645
-4.0356391515452135,47.910176982452505,242900660
-3.617613774001642,47.91512829140194,242900694
-4.251660202194965,47.85084177085374,242900702
-4.316557935748585,47.957850768152475,242900710
-3.5999802464792268,48.27955055890863,242900744
-4.06128438638737,48.49925651082855,242900751
-3.8496180705385057,47.925721724504584,242900769
-4.338370903566623,48.584519128550866,242900793
-4.210851031458321,48.4016070597446,242900801
-3.783831008403535,48.55585852105401,242900835
3.5348784058994123,43.96026202472791,243000270
4.122640805742351,43.82762842938951,243000296
4.212058496374683,43.74228167706269,243000569
4.56305012750112,43.77136610821054,243000585
4.286180874117457,43.65186323326777,243000593
4.353522424488359,43.82298139911614,243000643
4.204955828857254,43.5474146245367,243000650
4.584688808208655,43.9429480799825,243000684
1.4132497513682751,43.62736824758037,243100518
2.0011354829857213,43.45960376036533,243100567
1.5396255259488554,43.48349123136813,243100633
1.5977656547825778,43.697883777426625,243100732
1.54229703786263,43.82920391381118,243100773
1.2227218095945687,43.603148853895355,243100781
1.501019482327664,43.6980272584883,243100815
0.6310593880829706,43.91899932236448,243200391
-0.05468430665715476,43.778211960512095,243200409
0.3463821527422319,43.930980619863234,243200417
0.32015494184455356,43.54407297145081,243200425
0.05648145919099514,43.86975644982689,243200458
0.1275756728946814,43.549890408031985,243200508
0.9155202388179371,43.473235705165365,243200599
0.27546312504150355,43.70731862378142,243200607
-0.6388934047384132,44.87751514834052,243300316
-1.1198934994336713,44.570595634812506,243300563
-0.5938921092228726,45.25093563664504,243300811
-0.7713587015239722,44.76201924199571,243301165
-0.40635101052291656,45.13808813207311,243301181
-0.3407599752298151,44.767617541968626,243301215
-0.4699806008049698,45.03583861269031,243301223
-0.42023687316093716,44.898224594039256,243301249
-0.5649109089427888,44.66279045107955,243301264
-0.4239809844136946,44.833859204816356,243301355
0.17310549879265646,44.78811635228432,243301371
-0.9483590199178403,44.94603253534778,243301389
-0.327751759227857,44.97034900290264,243301397
-0.7982741784456426,44.53627123661405,243301405
-0.4437511388276314,44.75356728811238,243301439
-0.675302852527378,45.017740574618976,243301447
-0.05271380676275186,44.81854191561769,243301454
-0.9930263863602665,44.716619350949244,243301504
3.863184201418851,43.615667079301275,243400017
3.387710582276537,43.60462326879856,243400355
4.019678979162925,43.60288792638923,243400470
3.1466818228118267,43.31651760959114,243400488
4.103431529644151,43.69340885611361,243400520
3.583668321197333,43.654954657981065,243400694
3.7225727688746226,43.93543700449279,243400736
3.2746765238351956,43.36414028953991,243400769
3.4416817052257627,43.40661034269569,243400819
-1.7113565714824794,48.108130184642455,243500139
-1.9743199703075967,48.136519300234724,243500550
-2.0627363359389252,48.022163099136556,243500618
-1.394818868491297,47.89942125805109,243500634
-1.4724286371763844,48.05887455393677,243500659
-1.6462850141447,48.27976529163358,243500667
-2.0990488716967888,48.5837332405867,243500725
-1.802363928395847,48.38743064256129,243500733
-1.9898301046021478,47.67042693964152,243500741
-1.455117864234111,48.22309138388765,243500774
-1.9023675422351056,48.595278255003954,243500782
1.6938579229868078,47.19670532791891,243600202
2.042190334683426,46.96238729305405,243600236
1.6316565926475244,46.9846234076623,243600293
1.4490793750571176,46.83770060200687,243600301
1.2112804914936774,46.639204883876374,243600319
1.737796520687594,46.7780203258814,243600327
1.1834717132784769,46.81407606850578,243600343
2.0424315823255648,46.582957469191975,243600350
0.8611311293703009,47.58287883537377,243700499
0.6291875346190993,47.38429621456367,243700754
1.019538998499154,47.29556941937534,243700820
5.247072770650365,45.59269138233726,243800604
6.120805427453538,45.04272444926762,243800745
5.132766097385489,45.76929106533777,243800935
5.588937700363213,45.38445171184209,243800984
5.556586952878637,45.11061446899305,243801024
5.4283748843808874,45.405817713637575,243801073
5.078111255188901,45.58456733681771,243801255
6.0463647394006985,46.46940677763732,243900354
5.728800109768106,46.436475116277286,243900412
5.671859706690976,47.014023928103086,243900420
6.003233988834092,46.51391573816442,243900479
5.670443000278437,47.183676105110855,243900560
5.9243335061833085,46.56169785103098,243900610
5.77559377622434,46.605995123885144,243900719
5.585110894357283,46.524832782292236,243901071
5.39677115209262,46.95304703384989,243901089
-1.1684220741485545,44.17779041319512,244000543
-1.378464672465566,43.541416376235325,244000659
-1.0732411877154107,43.73344545225876,244000675
-0.9277731946034847,44.01945618130373,244000691
-0.8472598103308081,43.869088970699764,244000766
-0.2809315646340749,43.878986650746754,244000774
-0.5158923569390698,43.917183790656246,244000808
-0.36391880434328,43.79080155120534,244000824
-1.2268335134994506,43.952844392862865,244000857
-1.3102765284865547,43.70118518319487,244000865
-1.08917766305224,44.35979437995107,244000873
-0.7502765646788568,43.610763295960375,244000881
0.9145068231708291,48.012576128511064,244100293
1.7962568351609003,47.52499597070794,244100780
1.5698312696405055,47.60731482971141,244100798
2.061403907641855,47.41201446981574,244100806
4.011763491675075,45.864504900353005,244200614
4.485951296919087,45.32015877475393,244200622
4.191404414644955,45.94205281005091,244200630
4.418076968423005,45.47290188455415,244200770
3.833281955487166,45.91618098168584,244200820
4.685354501955873,45.40664110770339,244200895
4.376011850828943,45.20354986352422,244300307
4.125320340068264,45.16446387571609,244301016
3.418151609548067,45.37806631524104,244301099
4.275537393643619,45.08565464793937,244301107
3.806653366648372,44.86423743741966,244301123
4.27367772989963,45.332626126377676,244301131
-1.5937087470104598,47.22488339582712,244400404
-1.5989299319673318,47.06093107075253,244400438
-1.7933314456682945,47.470324470586135,244400453
-1.6068538877466336,47.388090262416036,244400503
-1.5886704975200057,47.54253673040634,244400537
-1.2031400141368571,47.46291784763555,244400552
-2.033534929974939,47.24466835676128,244400586
-2.395467959700439,47.39299539918397,244400610
-2.19794042382773,47.338640544195705,244400644
2.7123885147632367,47.98702394165582,244500203
2.6077908652569164,47.69891584647472,244500211
2.7248593826927614,48.098441182664,244500419
2.207428144975352,47.88752921954119,244500427
1.9293977910435678,47.89790994016998,244500468
2.0475623035881516,48.02895303107859,244500484
2.0516589193959476,48.18568105020299,244500542
1.1686479763643969,44.47788053597932,244600433
1.4182478893582688,44.701820303558954,244600482
1.6445246201554724,44.368587395375734,244600532
1.605840844596587,44.624671363028376,244600573
0.23481169236163196,44.68296717819276,244700449
0.3978071908362138,44.60222071291197,244700464
0.06691359471779473,44.26685238676438,244701355
0.4793990780628646,44.46182473785741,244701405
3.5036559638212172,44.52785014066266,244800405
3.266557388495527,44.57049874826836,244800470
-0.5455210452797052,47.49382658663524,244900015
-0.9843166550638227,47.68968046112522,244900809
-0.041482022925182875,47.523633827032405,244900882
4.050215227633436,49.08478199835304,245100615
3.6007858467177716,48.84921622761168,245100888
3.9609361617745598,48.72463744132016,245100979
4.938353090865111,48.020289379614866,245200597
-0.5223094144606987,47.93912934873173,245300223
-0.924573343029664,48.26244543541234,245300355
-0.8241358210501913,48.41654827777067,245300389
-0.6684219616410403,47.82283272625429,245300447
6.08897331522014,48.597430618329064,245400171
6.3075225669597295,48.601437815928385,245400189
5.786435769648864,49.48513609191449,245400262
5.902578147039304,48.5101888048469,245400510
6.122354381478655,48.76755496609333,245400601
6.1933634717395325,48.67346800316545,245400676
6.514708055447844,48.681639168533664,245400759
5.514460758469436,48.915978750152085,245500327
5.648255239695815,49.08417163322656,245501176
4.988166663253764,48.84400464719218,245501184
5.600677833948532,49.19616848449789,245501242
5.375417276317651,49.50050286171256,245501259
-3.227008092642149,47.7339827402081,245600440
-3.177504034413073,47.32731898805357,245600465
-2.4060389671697955,47.681103847500744,245614383
-3.4444766067785784,48.072915066912216,245614417
-2.923538501941165,48.07914023134799,245614433
6.561399398704336,49.056044888352666,245700133
6.920602833912318,49.153984989662824,245700372
6.8238361945511885,49.107989885459105,245700398
6.186502015239258,49.44789701316418,245700695
7.2239730410625596,48.72344244786799,245700950
6.656453460321457,49.19674417155594,245701164
6.6340876325545395,48.847663421506184,245701206
6.072782831554556,49.32034677636474,245701222
6.069110164349072,49.234722731955614,245701271
6.303840876752199,49.31949515928839,245701354
6.1028175234464905,49.37106771388554,245701362
5.9571432566181475,49.44036847031234,245701404
3.1929434246112116,46.90339278474295,245801063
3.1247698864818165,47.008092903874555,245804406
3.193834710044701,46.77917506141146,245804497
3.0373071953937303,50.64827935219752,245900410
2.322380531330803,51.00483157934356,245900428
2.710892103701286,50.63393151249532,245900758
3.500878788569387,50.2115599556737,245901038
2.927740886369834,50.52560711025479,245901061
3.2577668872707646,50.37135735315894,245901152
3.5632229902274193,50.37813515851491,245901160
2.463326675840582,49.32403951248114,246000129
2.4211806318493196,49.37385952897602,246000376
2.4864969624332094,49.514736097361435,246000566
2.0856687608367417,49.25471252862412,246000582
1.8740796084600617,49.25292688020344,246000707
3.026891688438814,49.41887014660167,246000749
3.031696124641648,49.605274061443296,246000756
2.501495762853507,49.1628321089594,246000764
2.910226401941973,49.50108761267192,246000772
1.884817784006149,49.61032845851905,246000848
2.7953095287826226,49.568178059785,246000855
2.887311776178164,49.181465168525634,246000871
2.6572753637202378,49.39619137188522,246000897
1.8459603316810824,49.40808697180841,246000913
2.590208912062469,49.31151304035227,246000921
-0.28279748201684457,48.76791884242021,246100390
0.06509328766284664,48.46489911809669,246100663
2.969007323457309,50.43919076648999,246200299
2.78635489780776,50.429727147937335,246200364
1.7040869250046253,50.82794974862654,246200380
1.6469191590979126,50.69179545338777,246200729
2.076940122549159,50.91097257375725,246200844
2.066170235689936,50.706376403165436,246201016
1.8726053816980102,50.92947768261276,246201149
3.09052264561901,45.77157878380224,246300701
2.87294968146368,45.50043352678959,246300966
3.3952885087472513,45.84401952486366,246301097
-0.40006167285856464,42.98878401099237,246400337
-0.24746462706924774,43.14002226299754,246401756
0.1659634181845004,43.013931492803515,246500482
0.31614223632234045,42.82539570109647,246500573
2.979962214252606,42.62424829790874,246600282
2.781639068503866,42.48383792348748,246600373
1.936891184026135,42.4919615019047,246600399
2.6200748449298588,42.65387026132568,246600415
2.4921323577122205,42.7857106150611,246600423
2.7524962048773087,42.588353299854106,246600449
2.099181923361172,42.56531751978957,246600464
2.549543765726512,42.435559307614085,246600548
7.196438730725527,48.45619813282902,246700306
7.7177240388263275,48.57254973738946,246700488
7.394120785996488,48.476267380825675,246700744
7.283258230928647,48.3397429810639,246700777
7.798295261149545,48.72608509514005,246700843
7.946810092972024,48.998017899233474,246700926
7.573071312504281,48.75911128086568,246700959
7.449157032409367,48.26589979195303,246700967
7.442759659158132,48.548444609867836,246701064
7.518281033269751,48.45977017055101,246701080
7.631216318283654,48.943758436917776,246701098
6.9938295616385275,47.902815193340224,246800205
7.205345606140354,48.25530633319989,246800395
7.379329712598344,47.91595715805595,246800445
7.270962401998975,47.987291151549904,246800494
7.184101842499502,48.14045684682562,246800551
7.178463350369959,47.91976221092633,246800569
7.334990732743974,48.19785205872006,246800577
7.094591183085148,48.025380252414095,246800585
7.00125299162757,47.776710315054835,246800676
7.370846791862938,48.0820512453557,246800726
5.045043399326303,45.703398963195745,246900575
4.593924558167749,45.807287777633505,246900625
4.65289150008205,45.7246978788667,246900724
4.666038177213182,45.62322097140454,246900740
4.756168410873428,45.668749045717455,246900757
4.882763693830716,45.6214023314246,246900765
6.1481659081990285,47.629825823532514,247000011
5.965157624012576,47.60204085964548,247000367
5.6608866030509075,47.59988526720144,247000623
6.514287872007253,47.66293254172706,247000664
5.843314710569227,47.45046420288561,247000698
6.023839682599106,47.424031223099526,247000706
6.4775264176475105,47.55683299036023,247000714
6.704371625933229,47.5936944996269,247000722
6.417061317234105,47.82207206987947,247000755
6.7085150625896635,47.710701071980736,247000821
6.622176516463532,47.821859234283394,247000854
4.393134007312048,46.72130830575195,247100290
4.808751643369334,46.828244353157395,247100589
4.0024673858755575,46.27175910494401,247100639
5.2704877253436555,46.87334603645828,247100647
4.810003472694653,46.61453091147393,247103765
4.143142145120681,46.26526736280749,247103864
4.6544644078331805,46.68858035098656,247104094
-0.2850977537617904,47.826605993599756,247200090
0.18876206951782332,48.00022779710105,247200132
-0.07331716792586063,47.72426616319951,247200348
0.355379912282592,47.926374210612906,247200421
0.268741866071826,47.84920641553172,247200447
0.039477626940436224,47.886251417337526,247200629
0.6513574837576883,48.14215569543662,247200686
6.463927584251848,45.51736798926565,247300015
6.877604746809547,45.57196174323263,247300254
5.7725187768766375,45.67994059972632,247300262
6.259348826955089,45.34115923223987,247300361
6.478985202259973,45.16736429095202,247300452
5.694403732005351,45.574549310611005,247300528
5.776902467456171,45.56246969219945,247300668
6.304855254024611,45.50451428728102,247300676
6.701717242016938,45.54758890195106,247300817
6.423691218385711,46.222476073568345,247400047
6.1062273220044325,46.04417804682557,247400112
6.035030534043492,45.967285986287465,247400567
6.245818811569138,46.12390202693116,247400583
6.371184340037689,45.89235321664736,247400617
6.440110373957476,46.15888775444395,247400666
6.635265238824314,46.22683127534187,247400682
6.036689153134859,46.10870454540021,247400690
6.318756972503596,46.06256660352226,247400724
5.943886935011851,45.88697834615305,247400740
6.270878443682633,45.747353935803424,247400773
0.39969931845055484,49.65263816713236,247600505
1.4518390155510754,50.029462280333604,247600588
1.4154581909979034,49.8428309538745,247600604
0.7579276283203797,49.60897501602886,247600620
0.9288032780756319,49.57441272962,247600646
1.2924990576027617,49.91166945765159,247600729
1.0855785947883456,49.89038791092925,247600786
2.829588739745622,48.318500418365865,247700032
2.6336799702865066,48.54621529416446,247700057
3.036402885442635,49.043150287545465,247700065
2.979521327633495,48.35234295138833,247700107
2.809655227712362,48.839737121914226,247700339
2.9149386513191744,48.87902548598112,247700438
2.723784438099782,48.85782047059377,247700594
2.6262743249663254,48.70460136742955,247700644
2.9841164470916386,48.572840317441624,247700701
1.6226009235521417,48.81887769004436,247800550
2.120971354746224,48.797747006105936,247800584
1.8103319635520672,48.813553592725476,247800618
-0.2108884358779763,46.96995278261187,247900798
2.5318639249077775,49.91788428693764,248000499
2.2887908080554786,49.87574987589306,248000531
2.633147414973711,50.02709648569759,248000747
2.05520397765858,43.54986384026063,248100158
2.3261964439013925,43.53495019115377,248100430
2.371731473704298,43.998437479153786,248100497
2.154809200626997,43.912056498958904,248100737
2.5419944399870325,43.488822441975024,248100745
0.8929016140139718,44.10441990666763,248200016
1.5235289686313591,44.19123793856906,248200057
0.9516862197150501,43.90750307182787,248200065
1.345528707616824,44.005515303836866,248200099
1.7977307798547555,44.215935444021156,248200107
5.811177414806051,43.229636674807914,248300394
6.015458554126849,43.201334050195165,248300410
6.458769702157257,43.55905732350695,248300493
6.040698095521331,43.12024699067782,248300543
6.268993752576396,43.35653531091758,248300550
5.121829821575506,44.10812541855431,248400053
4.856399298151112,44.195355484055185,248400160
4.826808447380216,44.10984331481653,248400236
4.825177753406568,43.96712934806486,248400251
5.56053676269301,43.75162057333395,248400285
4.963926822758913,44.018595357553224,248400293
5.039291790181636,43.92398886912961,248400319
5.108825806222722,44.230911326375605,248400335
-2.232255461692244,46.97748328765196,248500191
-2.0211502660723895,46.81905102654457,248500258
-1.0938268397885162,46.6927631910115,248500340
-0.7674614926751337,46.645953451884026,248500415
-0.8518259076111325,46.778562168722615,248500464
-1.6279074287490274,46.62352942886653,248500530
-0.7005623088458728,46.402692976834615,248500563
-1.3874412632746917,46.65964169520798,248500589
-1.026097085601576,46.85053787378997,248500621
-1.0003377013597952,46.95617128236756,248500662
0.5681019275514686,46.815225362600444,248600413
0.09649257078790616,46.97121576837258,248600447
1.2230827486479994,45.53872969077005,248700189
1.2647794331865307,46.125622153487384,248719262
1.1184359501025514,45.77674780411417,248719288
1.2480581619876832,45.85349211631208,248719312
1.5989170866427134,45.68306734942649,248719338
1.7521749464055885,45.753799724787875,248719353
1.5040349902892656,45.82753573768508,248719361
3.3366269962042066,48.1552793524143,248900334
3.5088864497226346,47.9498864121744,248900383
3.3337182212096312,47.866275523954634,248900524
3.5374700156062184,48.19704175936984,248900664
3.1127079003771363,48.15992743134438,248900748
3.261348437456043,48.31730763922158,248900896
3.3473784228168033,47.99681449064122,248900938
7.0195865216736,47.528763944188384,249000241
2.103267446091466,48.63091107293836,249100074
2.417235872275819,48.40819796465395,249100157
2.380175313302846,48.51807130961562,249100546
2.2109555713094453,48.507852242125054,249100553
2.0364105932156655,48.52406239528506,249100595
2.060352399806354,49.03891805120649,249500109
2.127668718020375,49.12291918408608,249500430
2.2356970625567087,49.088280549281215,249500455
2.2800498290805975,49.149281539468944,249500489
1.7364049340661232,49.12808221117838,249500513
-61.26862212463689,15.931866029802197,249710047
-61.688826428735,16.22256827623802,249710062
-61.676941273412616,16.0500884099793,249710070
-60.93286633322999,14.523553304884425,249720053
-61.038345228270295,14.645838748129421,249720061
-53.792066786079666,3.8564743088852036,249730037
-52.504288525208885,4.559029299847426,249730045
-52.56360387860872,3.4792909623596344,249730052
55.4515726287709,-21.242984490749436,249740077
55.62987798654648,-21.269697576544395,249740085
55.65017250997107,-21.098931480869048,249740093
55.3415556132228,-21.062378787970697,249740101
55.50221370841456,-20.939801739119684,249740119
3.644066590056035,45.44337368865811,NA
